-- =========================================
-- Sample Data for Project Management Database
-- =========================================

-- -------------------
-- EMPLOYEES
-- -------------------
INSERT INTO EMPLOYEES (EMP_ID, NAME, POSITION, EMAIL)
VALUES (101, 'Alice Johnson', 'Project Manager', 'alicejohnson@gmail.com');

INSERT INTO EMPLOYEES (EMP_ID, NAME, POSITION, EMAIL)
VALUES (102, 'Bob Smith', 'Software Engineer', 'bobsmith@gmail.com');

INSERT INTO EMPLOYEES (EMP_ID, NAME, POSITION, EMAIL)
VALUES (103, 'Charlie Brown', 'QA Engineer', 'charliebrown@gmail.com');

INSERT INTO EMPLOYEES (EMP_ID, NAME, POSITION, EMAIL)
VALUES (104, 'Diana Prince', 'Business Analyst', 'dianaprince@gmail.com');

-- -------------------
-- PROJECTS
-- -------------------
INSERT INTO PROJECTS (PROJECT_ID, PROJECT_NAME, START_DATE, END_DATE, STATUS)
VALUES (201, 'Employee Management System', DATE '2025-01-01', DATE '2025-06-30', 'Ongoing');

INSERT INTO PROJECTS (PROJECT_ID, PROJECT_NAME, START_DATE, END_DATE, STATUS)
VALUES (202, 'E-Commerce Platform', DATE '2025-02-15', DATE '2025-08-15', 'Ongoing');

INSERT INTO PROJECTS (PROJECT_ID, PROJECT_NAME, START_DATE, END_DATE, STATUS)
VALUES (203, 'Banking Application', DATE '2025-03-01', DATE '2025-09-30', 'Planned');

-- -------------------
-- TASKS
-- -------------------
INSERT INTO TASKS (TASK_ID, PROJECT_ID, TASK_NAME, START_DATE, END_DATE, STATUS)
VALUES (301, 201, 'Design Database Schema', DATE '2025-01-05', DATE '2025-01-20', 'Completed');

INSERT INTO TASKS (TASK_ID, PROJECT_ID, TASK_NAME, START_DATE, END_DATE, STATUS)
VALUES (302, 201, 'Develop Backend APIs', DATE '2025-01-21', DATE '2025-03-15', 'Ongoing');

INSERT INTO TASKS (TASK_ID, PROJECT_ID, TASK_NAME, START_DATE, END_DATE, STATUS)
VALUES (303, 202, 'Frontend Development', DATE '2025-02-20', DATE '2025-04-30', 'Ongoing');

INSERT INTO TASKS (TASK_ID, PROJECT_ID, TASK_NAME, START_DATE, END_DATE, STATUS)
VALUES (304, 202, 'Payment Gateway Integration', DATE '2025-05-01', DATE '2025-06-15', 'Planned');

INSERT INTO TASKS (TASK_ID, PROJECT_ID, TASK_NAME, START_DATE, END_DATE, STATUS)
VALUES (305, 203, 'Requirement Gathering', DATE '2025-03-05', DATE '2025-03-25', 'Planned');

INSERT INTO TASKS (TASK_ID, PROJECT_ID, TASK_NAME, START_DATE, END_DATE, STATUS)
VALUES (306, 201, 'UI Design', DATE '2025-01-15', DATE '2025-02-05', 'Planned');

INSERT INTO TASKS (TASK_ID, PROJECT_ID, TASK_NAME, START_DATE, END_DATE, STATUS)
VALUES (307, 201, 'Integration Testing', DATE '2025-03-16', DATE '2025-04-10', 'Planned');

INSERT INTO TASKS (TASK_ID, PROJECT_ID, TASK_NAME, START_DATE, END_DATE, STATUS)
VALUES (308, 202, 'Product Catalog Module', DATE '2025-03-01', DATE '2025-04-15', 'Ongoing');

INSERT INTO TASKS (TASK_ID, PROJECT_ID, TASK_NAME, START_DATE, END_DATE, STATUS)
VALUES (309, 202, 'User Authentication', DATE '2025-04-01', DATE '2025-05-01', 'Planned');

INSERT INTO TASKS (TASK_ID, PROJECT_ID, TASK_NAME, START_DATE, END_DATE, STATUS)
VALUES (310, 203, 'Database Setup', DATE '2025-03-26', DATE '2025-04-10', 'Planned');

INSERT INTO TASKS (TASK_ID, PROJECT_ID, TASK_NAME, START_DATE, END_DATE, STATUS)
VALUES (311, 203, 'API Development', DATE '2025-04-11', DATE '2025-05-20', 'Planned');

-- -------------------
-- ALLOCATIONS
-- -------------------
INSERT INTO ALLOCATIONS (APPLICATION_ID, EMP_ID, TASK_ID, ALLOCATION_DATE, HOURS_ALLOCATION)
VALUES (401, 101, 301, DATE '2025-01-06', 40); -- Alice → Design Database Schema

INSERT INTO ALLOCATIONS (APPLICATION_ID, EMP_ID, TASK_ID, ALLOCATION_DATE, HOURS_ALLOCATION)
VALUES (402, 102, 302, DATE '2025-01-22', 120); -- Bob → Backend APIs

INSERT INTO ALLOCATIONS (APPLICATION_ID, EMP_ID, TASK_ID, ALLOCATION_DATE, HOURS_ALLOCATION)
VALUES (403, 103, 307, DATE '2025-03-17', 60); -- Charlie → Integration Testing

INSERT INTO ALLOCATIONS (APPLICATION_ID, EMP_ID, TASK_ID, ALLOCATION_DATE, HOURS_ALLOCATION)
VALUES (404, 102, 303, DATE '2025-02-21', 100); -- Bob → Frontend Development

INSERT INTO ALLOCATIONS (APPLICATION_ID, EMP_ID, TASK_ID, ALLOCATION_DATE, HOURS_ALLOCATION)
VALUES (405, 103, 308, DATE '2025-03-05', 50); -- Charlie → Product Catalog Module

INSERT INTO ALLOCATIONS (APPLICATION_ID, EMP_ID, TASK_ID, ALLOCATION_DATE, HOURS_ALLOCATION)
VALUES (406, 104, 309, DATE '2025-04-02', 30); -- Diana → User Authentication

INSERT INTO ALLOCATIONS (APPLICATION_ID, EMP_ID, TASK_ID, ALLOCATION_DATE, HOURS_ALLOCATION)
VALUES (407, 104, 305, DATE '2025-03-06', 25); -- Diana → Requirement Gathering

INSERT INTO ALLOCATIONS (APPLICATION_ID, EMP_ID, TASK_ID, ALLOCATION_DATE, HOURS_ALLOCATION)
VALUES (408, 101, 310, DATE '2025-03-27', 35); -- Alice → Database Setup

INSERT INTO ALLOCATIONS (APPLICATION_ID, EMP_ID, TASK_ID, ALLOCATION_DATE, HOURS_ALLOCATION)
VALUES (409, 102, 311, DATE '2025-04-12', 80); -- Bob → API Development
